{
  "hour_sin_lag1": 1.0661453963060654,
  "hour_cos_lag1": 3.912090352305961,
  "dow_sin_lag1": 0.5577335201591743,
  "dow_cos_lag1": 0.117832054381946,
  "month_sin_lag1": 0.011717355140727352,
  "month_cos_lag1": 0.05283613414828215,
  "is_weekend_lag1": 0.03911990455423552,
  "is_us_holiday_lag1": 0.1073327040416519,
  "temp_lag1": 0.6400965096871003,
  "humidity_lag1": 0.34861424764866417,
  "wind_speed_lag1": 0.09185847297314018,
  "visibility_lag1": 0.010705889055135486,
  "clouds_all_lag1": 0.5521505798599976,
  "HDD_lag1": 0.23934876784341422,
  "CDD_lag1": 0.04174246308472206,
  "temp_sq_lag1": 0.7583467861835048,
  "HDD_sq_lag1": 0.19549895066669906,
  "CDD_sq_lag1": 0.0852523796550493,
  "temp_heating_sigmoid_lag1": 0.2338868936243124,
  "temp_cooling_sigmoid_lag1": 0.3983704213773766,
  "temp_thermal_stress_lag1": 0.5026728135724956,
  "RTLO_lag4": 29.575298246357544,
  "hour_sin_lag4": 0.8339396330715712,
  "hour_cos_lag4": 0.7678979728250607,
  "dow_sin_lag4": 0.43336247079516255,
  "dow_cos_lag4": 0.032469564671786875,
  "month_sin_lag4": 0.033302878809576754,
  "month_cos_lag4": 0.12881909062164248,
  "is_weekend_lag4": 0.4712993350298839,
  "is_us_holiday_lag4": 0.08362450856690541,
  "temp_lag4": 0.012424781011614879,
  "humidity_lag4": 0.09403205590728732,
  "wind_speed_lag4": 0.0314392614855731,
  "visibility_lag4": 0.001956251773412715,
  "clouds_all_lag4": 0.14523726494349293,
  "HDD_lag4": 0.23069936605800578,
  "CDD_lag4": 0.008850795692364782,
  "temp_sq_lag4": 0.0014861054610130326,
  "HDD_sq_lag4": 0.0021128220932811817,
  "CDD_sq_lag4": 0.005155746593434828,
  "temp_heating_sigmoid_lag4": 0.38949555664002766,
  "temp_cooling_sigmoid_lag4": 0.0033232481365398883,
  "temp_thermal_stress_lag4": 0.006908640137231776,
  "hour_sin_lag8": 8.910662576276655,
  "hour_cos_lag8": 0.956411804494484,
  "dow_sin_lag8": 0.005714665001171577,
  "dow_cos_lag8": 0.026427370256288708,
  "month_sin_lag8": 0.012831185077575082,
  "month_cos_lag8": 0.16920391108601093,
  "is_weekend_lag8": 0.011373187748342936,
  "is_us_holiday_lag8": 0.0,
  "temp_lag8": 0.006983143130973325,
  "humidity_lag8": 0.0676610266727076,
  "wind_speed_lag8": 0.038921939080078204,
  "visibility_lag8": 0.004529113479477008,
  "clouds_all_lag8": 0.02208697973804172,
  "HDD_lag8": 0.3724138054289467,
  "CDD_lag8": 0.01390572050094788,
  "temp_sq_lag8": 0.030625684280929096,
  "HDD_sq_lag8": 0.006737040753411483,
  "CDD_sq_lag8": 0.01959331106523622,
  "temp_heating_sigmoid_lag8": 0.03193923334949926,
  "temp_cooling_sigmoid_lag8": 0.003908541120047565,
  "temp_thermal_stress_lag8": 0.03341608540839951,
  "hour_sin_lag24": 0.4358556097696766,
  "hour_cos_lag24": 1.6367777438271025,
  "dow_sin_lag24": 0.12428701564922733,
  "dow_cos_lag24": 0.0970954542287929,
  "month_sin_lag24": 0.03253534382320443,
  "month_cos_lag24": 0.04304011119700012,
  "is_weekend_lag24": 0.07648653390963499,
  "is_us_holiday_lag24": 0.06459715041904136,
  "temp_lag24": 0.07029417227332722,
  "humidity_lag24": 0.11622126956355565,
  "wind_speed_lag24": 0.028213594890849878,
  "visibility_lag24": 0.0018929747803585566,
  "clouds_all_lag24": 0.04122746964929155,
  "HDD_lag24": 0.03829102946983558,
  "CDD_lag24": 0.08891674589459948,
  "temp_sq_lag24": 0.10270059699767302,
  "HDD_sq_lag24": 0.029620783669991445,
  "CDD_sq_lag24": 0.05514971601609098,
  "temp_heating_sigmoid_lag24": 0.10484173102408927,
  "temp_cooling_sigmoid_lag24": 0.09151573789117326,
  "temp_thermal_stress_lag24": 0.05960668776727686,
  "RTLO_lag48": 0.5015273876481813,
  "hour_sin_lag48": 1.0124600371341959,
  "hour_cos_lag48": 1.1083225993403143,
  "dow_sin_lag48": 0.06584916304005597,
  "dow_cos_lag48": 0.21000535619084043,
  "month_sin_lag48": 0.056055553977478016,
  "month_cos_lag48": 0.056493936768275355,
  "is_weekend_lag48": 0.07135084129451466,
  "is_us_holiday_lag48": 0.0034268891850416233,
  "temp_lag48": 0.020690663374286482,
  "humidity_lag48": 0.04241684373756106,
  "wind_speed_lag48": 0.04569333852209755,
  "visibility_lag48": 0.0,
  "clouds_all_lag48": 0.039219804700090746,
  "HDD_lag48": 0.011129222938800445,
  "CDD_lag48": 0.05603877766754947,
  "temp_sq_lag48": 0.020578525204496812,
  "HDD_sq_lag48": 0.006805701121311548,
  "CDD_sq_lag48": 0.01948304272830613,
  "temp_heating_sigmoid_lag48": 0.003861414154834048,
  "temp_cooling_sigmoid_lag48": 0.008280532371484359,
  "temp_thermal_stress_lag48": 0.03014761661415254,
  "RTLO_lag168": 3.9715345856005237,
  "hour_sin_lag168": 0.4706675007433049,
  "hour_cos_lag168": 1.9518745890185063,
  "dow_sin_lag168": 0.3824203793974467,
  "dow_cos_lag168": 0.032794678199440035,
  "month_sin_lag168": 0.10992258309906106,
  "month_cos_lag168": 0.09968062341821504,
  "is_weekend_lag168": 0.3708753403767226,
  "is_us_holiday_lag168": 0.018861963668066695,
  "temp_lag168": 0.024095889161963136,
  "humidity_lag168": 0.08254454931855842,
  "wind_speed_lag168": 0.03426398935946612,
  "visibility_lag168": 0.0029956777041378405,
  "clouds_all_lag168": 0.027868690424720417,
  "HDD_lag168": 0.04445513439631772,
  "CDD_lag168": 0.042694355551916974,
  "temp_sq_lag168": 0.06734994326894037,
  "HDD_sq_lag168": 0.026390345994825388,
  "CDD_sq_lag168": 0.01794540071184131,
  "temp_heating_sigmoid_lag168": 0.2499675179298913,
  "temp_cooling_sigmoid_lag168": 0.06654834904308683,
  "temp_thermal_stress_lag168": 0.29024465796463933,
  "RTLO_mean24": 18.849240300513596,
  "hour_sin_mean24": 4.041952252449857,
  "hour_cos_mean24": 0.3747796654838446,
  "dow_sin_mean24": 0.4542295444304509,
  "dow_cos_mean24": 0.5025858287499071,
  "month_sin_mean24": 0.10802309036486962,
  "month_cos_mean24": 0.30187550513413286,
  "is_weekend_mean24": 0.19904407950979422,
  "is_us_holiday_mean24": 0.10883732817101083,
  "temp_mean24": 0.5161256819746474,
  "humidity_mean24": 0.16321300650836384,
  "wind_speed_mean24": 0.2851680886533517,
  "visibility_mean24": 0.09095157706001177,
  "clouds_all_mean24": 0.23227637321666172,
  "HDD_mean24": 0.08487662458721687,
  "CDD_mean24": 0.1459900657002794,
  "temp_sq_mean24": 0.19874469491918675,
  "HDD_sq_mean24": 0.5047293481366312,
  "CDD_sq_mean24": 0.2962326956957396,
  "temp_heating_sigmoid_mean24": 0.1888526250324739,
  "temp_cooling_sigmoid_mean24": 0.06852226271254609,
  "temp_thermal_stress_mean24": 0.4789855829765379,
  "RTLO_mean168": 0.22860116369715525,
  "hour_sin_mean168": 0.014821746491875502,
  "hour_cos_mean168": 0.01664658399385546,
  "dow_sin_mean168": 0.028693580110473516,
  "dow_cos_mean168": 0.021653955393580393,
  "month_sin_mean168": 0.1558098817167397,
  "month_cos_mean168": 0.27519434346882116,
  "is_weekend_mean168": 0.0,
  "is_us_holiday_mean168": 0.10890852345926928,
  "temp_mean168": 0.0464158842154923,
  "humidity_mean168": 0.25338863165788195,
  "wind_speed_mean168": 0.25082981791219733,
  "visibility_mean168": 0.21988312034377389,
  "clouds_all_mean168": 0.1959594870396437,
  "HDD_mean168": 0.06334611082147992,
  "CDD_mean168": 0.10346761992133459,
  "temp_sq_mean168": 0.05543986222799497,
  "HDD_sq_mean168": 0.28265375202081255,
  "CDD_sq_mean168": 0.14278492881721813,
  "temp_heating_sigmoid_mean168": 0.10257230771271779,
  "temp_cooling_sigmoid_mean168": 0.0406345727332071,
  "temp_thermal_stress_mean168": 0.0802219225847814
}
