{
  "hour_sin_lag1": 0.8749713382351315,
  "hour_cos_lag1": 4.177303752703202,
  "dow_sin_lag1": 0.6998826294094257,
  "dow_cos_lag1": 0.053678099715916694,
  "month_sin_lag1": 0.00014829790572351619,
  "month_cos_lag1": 0.10314944731964851,
  "is_weekend_lag1": 0.2627708893896675,
  "is_us_holiday_lag1": 0.0940862698756335,
  "temp_lag1": 4.509140143029274,
  "humidity_lag1": 0.6038035495718519,
  "wind_speed_lag1": 0.047049315039315996,
  "visibility_lag1": 0.0,
  "clouds_all_lag1": 0.11418937186951841,
  "HDD_lag1": 0.40335847764548877,
  "CDD_lag1": 0.9745830406507301,
  "temp_sq_lag1": 3.4743681338547727,
  "HDD_sq_lag1": 0.1934755938139942,
  "CDD_sq_lag1": 0.19967862153576893,
  "temp_heating_sigmoid_lag1": 2.3278341469560435,
  "temp_cooling_sigmoid_lag1": 2.9600510996627976,
  "temp_thermal_stress_lag1": 0.78546791621684,
  "RTLO_lag4": 14.129253610650451,
  "hour_sin_lag4": 0.7750472316237137,
  "hour_cos_lag4": 0.8474389550746917,
  "dow_sin_lag4": 0.5779915932393233,
  "dow_cos_lag4": 0.014272692896952033,
  "month_sin_lag4": 0.006614660036267576,
  "month_cos_lag4": 0.05817476710153524,
  "is_weekend_lag4": 0.16202048217677487,
  "is_us_holiday_lag4": 0.04193176306235408,
  "temp_lag4": 0.2827622226106383,
  "humidity_lag4": 0.020192433917076404,
  "wind_speed_lag4": 0.06221370846939556,
  "visibility_lag4": 0.0,
  "clouds_all_lag4": 0.07764826351443381,
  "HDD_lag4": 0.0037333735294412715,
  "CDD_lag4": 0.03504405701153175,
  "temp_sq_lag4": 0.01644946637033439,
  "HDD_sq_lag4": 0.007767067825988382,
  "CDD_sq_lag4": 0.7015988614046126,
  "temp_heating_sigmoid_lag4": 0.010803365223183444,
  "temp_cooling_sigmoid_lag4": 0.11078679848075156,
  "temp_thermal_stress_lag4": 0.00816020688053362,
  "hour_sin_lag8": 9.570714386930018,
  "hour_cos_lag8": 0.7228852531471102,
  "dow_sin_lag8": 0.038670262356871106,
  "dow_cos_lag8": 0.026399454823942774,
  "month_sin_lag8": 0.0033537589176942492,
  "month_cos_lag8": 0.0026332941315808512,
  "is_weekend_lag8": 0.0006260318787218069,
  "is_us_holiday_lag8": 0.005792377190317439,
  "temp_lag8": 0.36945838758322647,
  "humidity_lag8": 0.031395412596013035,
  "wind_speed_lag8": 0.020672468075281142,
  "visibility_lag8": 0.0,
  "clouds_all_lag8": 0.0165825193451156,
  "HDD_lag8": 0.039549448045697655,
  "CDD_lag8": 0.007567378382622749,
  "temp_sq_lag8": 0.23685781243570167,
  "HDD_sq_lag8": 0.008712137751158444,
  "CDD_sq_lag8": 0.011044205578976694,
  "temp_heating_sigmoid_lag8": 0.09604739503289896,
  "temp_cooling_sigmoid_lag8": 0.002718401451659663,
  "temp_thermal_stress_lag8": 0.04752535909250722,
  "hour_sin_lag24": 0.22835715178554392,
  "hour_cos_lag24": 0.24159948713736112,
  "dow_sin_lag24": 0.047240737019958366,
  "dow_cos_lag24": 0.03971490358556267,
  "month_sin_lag24": 0.008295400280490717,
  "month_cos_lag24": 0.031096416125642873,
  "is_weekend_lag24": 0.025882355674138754,
  "is_us_holiday_lag24": 0.020940232420382638,
  "temp_lag24": 0.03748751286024217,
  "humidity_lag24": 0.0384266268812041,
  "wind_speed_lag24": 0.03817943903044044,
  "visibility_lag24": 0.0,
  "clouds_all_lag24": 0.01695394785357066,
  "HDD_lag24": 0.008581637558890326,
  "CDD_lag24": 0.06270963654752298,
  "temp_sq_lag24": 0.03855261754841759,
  "HDD_sq_lag24": 0.010289389647629824,
  "CDD_sq_lag24": 0.07066153864509025,
  "temp_heating_sigmoid_lag24": 0.06573953187853884,
  "temp_cooling_sigmoid_lag24": 0.024694717655022905,
  "temp_thermal_stress_lag24": 0.03211630858710476,
  "RTLO_lag48": 1.0143203087590047,
  "hour_sin_lag48": 0.36767190101669595,
  "hour_cos_lag48": 1.0240372030279572,
  "dow_sin_lag48": 0.08899336767230416,
  "dow_cos_lag48": 0.16337019678595469,
  "month_sin_lag48": 0.003215253244976274,
  "month_cos_lag48": 0.08170946022114216,
  "is_weekend_lag48": 0.11069355173757141,
  "is_us_holiday_lag48": 0.0,
  "temp_lag48": 0.021092623493342032,
  "humidity_lag48": 0.02237940333447315,
  "wind_speed_lag48": 0.016835312916710386,
  "visibility_lag48": 0.0,
  "clouds_all_lag48": 0.017993045727228204,
  "HDD_lag48": 0.006432891608877888,
  "CDD_lag48": 0.012489231998147613,
  "temp_sq_lag48": 0.028080219541070216,
  "HDD_sq_lag48": 0.011050635055712028,
  "CDD_sq_lag48": 0.029780361305921266,
  "temp_heating_sigmoid_lag48": 0.07241547704088226,
  "temp_cooling_sigmoid_lag48": 0.014657906926291289,
  "temp_thermal_stress_lag48": 0.016253093591268832,
  "RTLO_lag168": 4.273649159473057,
  "hour_sin_lag168": 0.5041904466782702,
  "hour_cos_lag168": 0.7302833024249866,
  "dow_sin_lag168": 0.417958136685118,
  "dow_cos_lag168": 0.03784692160837462,
  "month_sin_lag168": 0.05673810264545889,
  "month_cos_lag168": 0.13111629617762074,
  "is_weekend_lag168": 0.23342949015759867,
  "is_us_holiday_lag168": 0.01602612996517374,
  "temp_lag168": 0.06483718515440169,
  "humidity_lag168": 0.06004167596526311,
  "wind_speed_lag168": 0.03516769359503669,
  "visibility_lag168": 0.0,
  "clouds_all_lag168": 0.03651003284244065,
  "HDD_lag168": 0.01700232309705525,
  "CDD_lag168": 0.08247453753247325,
  "temp_sq_lag168": 0.05886422509958612,
  "HDD_sq_lag168": 0.025171925791108773,
  "CDD_sq_lag168": 0.010751110482114344,
  "temp_heating_sigmoid_lag168": 0.051634370143007015,
  "temp_cooling_sigmoid_lag168": 0.040297611544215094,
  "temp_thermal_stress_lag168": 0.07166461580872187,
  "RTLO_mean24": 15.231671549794983,
  "hour_sin_mean24": 4.463504902958606,
  "hour_cos_mean24": 0.1772416488268644,
  "dow_sin_mean24": 0.402713088213953,
  "dow_cos_mean24": 0.29128610219168843,
  "month_sin_mean24": 0.03823114009190978,
  "month_cos_mean24": 0.09691486938179686,
  "is_weekend_mean24": 0.16491873089758083,
  "is_us_holiday_mean24": 0.0869615216490638,
  "temp_mean24": 0.08806062081408808,
  "humidity_mean24": 0.09372936375508971,
  "wind_speed_mean24": 0.09970884963725855,
  "visibility_mean24": 0.0,
  "clouds_all_mean24": 0.10057122012227722,
  "HDD_mean24": 0.04535287757167976,
  "CDD_mean24": 0.032493220849746283,
  "temp_sq_mean24": 0.33174986119442984,
  "HDD_sq_mean24": 0.27343173415706484,
  "CDD_sq_mean24": 0.03457404041784219,
  "temp_heating_sigmoid_mean24": 0.0760979309291641,
  "temp_cooling_sigmoid_mean24": 0.0559271599729848,
  "temp_thermal_stress_mean24": 0.02596992397492067,
  "RTLO_mean168": 0.13771936382518477,
  "hour_sin_mean168": 0.014152801825131022,
  "hour_cos_mean168": 0.13005302202080807,
  "dow_sin_mean168": 0.020159171729469426,
  "dow_cos_mean168": 0.013876146014002557,
  "month_sin_mean168": 0.10108208526637567,
  "month_cos_mean168": 0.19131308241400044,
  "is_weekend_mean168": 0.0,
  "is_us_holiday_mean168": 0.07076326559875216,
  "temp_mean168": 0.03704013503852177,
  "humidity_mean168": 0.07021172679166819,
  "wind_speed_mean168": 0.0850233128516303,
  "visibility_mean168": 0.0,
  "clouds_all_mean168": 0.11657724710980649,
  "HDD_mean168": 0.039925279347086666,
  "CDD_mean168": 0.04075142598161953,
  "temp_sq_mean168": 0.08575173655172669,
  "HDD_sq_mean168": 0.04410238802308314,
  "CDD_sq_mean168": 0.04981132439621001,
  "temp_heating_sigmoid_mean168": 0.07338054754482219,
  "temp_cooling_sigmoid_mean168": 0.0266555201802466,
  "temp_thermal_stress_mean168": 0.043848754373483366,
  "hour_sin_at_target": 0.7271931254333793,
  "hour_cos_at_target": 0.6863901618419633,
  "dow_sin_at_target": 0.4039255753934035,
  "dow_cos_at_target": 0.12270564110809368,
  "month_sin_at_target": 0.02483431126063277,
  "month_cos_at_target": 0.06064444440790272,
  "is_weekend_at_target": 0.2564861757958439,
  "is_us_holiday_at_target": 0.13687912758657436,
  "temp_at_target": 0.7761412110370752,
  "humidity_at_target": 1.243289473540907,
  "wind_speed_at_target": 0.16559592028569536,
  "visibility_at_target": 0.0,
  "clouds_all_at_target": 0.49615467986686373,
  "HDD_at_target": 0.3965706591504067,
  "CDD_at_target": 0.5624413528798253,
  "temp_sq_at_target": 1.0259914315992824,
  "HDD_sq_at_target": 0.40748875995479605,
  "CDD_sq_at_target": 2.8403344687998047,