{
  "horizon": [
    1,
    2,
    3,
    4,
    5,
    6,
    7,
    8,
    9,
    10,
    11,
    12,
    13,
    14,
    15,
    16,
    17,
    18,
    19,
    20,
    21,
    22,
    23,
    24
  ],
  "direct_mae": [
    60.891026380709945,
    65.73583711717814,
    68.94302750338973,
    71.2672258735222,
    72.21852240280928,
    74.1024076297566,
    74.01155141081603,
    74.57523892677841,
    75.14517813430851,
    76.33996549612444,
    76.43212972183953,
    76.65001346356803,
    77.22874800373216,
    78.25265207370725,
    77.72844920323186,
    78.03913714190232,
    78.22651709659405,
    76.31163353990307,
    72.7037496494871,
    70.69856584105182,
    69.12458777949074,
    70.84503109436544,
    74.0468768316808,
    76.66187306635508
  ],
  "single_model_mae": [
    62.63398494192836,
    99.82282610938962,
    167.40399593905263,
    234.78360204321777,
    296.93748014359414,
    351.73041462076515,
    397.2900786070205,
    433.2845005282251,
    460.40020681123383,
    480.15951541485424,
    494.6193435129363,
    505.0163092243601,
    511.7113961307634,
    515.1677672649075,
    514.8641954118465,
    510.053815155565,
    499.4299372908593,
    480.7668487099637,
    452.24505136065926,
    415.2802887808051,
    371.86644964995884,
    324.1759740828378,
    276.4756982389369,
    234.75169413313654
  ]
}
