{
  "MAE": 81.26973493871186,
  "MAPE": 2.9094637825021223,
  "R2": 0.9549041970248859,
  "train_samples": 58236,
  "val_samples": 10276,
  "test_samples": 9311
}
