{
  "MAE": 73.59083105759593,
  "MAE_h1": 60.891026380709945,
  "MAE_h24": 76.66187306635508,
  "MAPE": 2.2519741019322264,
  "R2": 0.9774939751953371,
  "horizon_degradation": 1.2590011636039902,
  "avg_improvement_vs_single_pct": 80.57193999672192,
  "test_samples": 7823,
  "n_horizon_models": 24
}
